{
  "uid": "edge_${UID_SUFFIX}",
  "title": "Edge ${EDGE_NAME} - Overview",
  "tags": ["edge", "${EDGE_NAME}"],
  "timezone": "browser",
  "schemaVersion": 39,
  "templating": {
    "list": [
      {
        "type": "constant",
        "name": "edge",
        "label": "Edge",
        "query": "${EDGE_NAME}"
      },
      {
        "type": "query",
        "name": "job",
        "label": "Job",
        "datasource": { "type": "prometheus", "uid": "${DATASOURCE_UID}" },
        "query": "label_values(up{edge=\"$edge\"}, job)",
        "refresh": 1,
        "multi": true
      }
    ]
  },
  "panels": [
    {
      "type": "timeseries",
      "title": "Target availability (up)",
      "gridPos": { "h": 8, "w": 24, "x": 0, "y": 0 },
      "targets": [
        { "expr": "avg by(job,instance) (up{edge=\"$edge\", job=~\"$job\"})" }
      ]
    },
    {
      "type": "timeseries",
      "title": "CPU seconds per process",
      "gridPos": { "h": 8, "w": 12, "x": 0, "y": 8 },
      "targets": [
        { "expr": "rate(process_cpu_seconds_total{edge=\"$edge\", job=~\"$job\"}[5m])" }
      ]
    },
    {
      "type": "timeseries",
      "title": "Memory (RSS bytes)",
      "gridPos": { "h": 8, "w": 12, "x": 12, "y": 8 },
      "targets": [
        { "expr": "process_resident_memory_bytes{edge=\"$edge\", job=~\"$job\"}" }
      ]
    }
  ],
  "time": { "from": "now-6h", "to": "now" }
}
